{"cameraMode":{"drawMode":0,"name":"Shaded","section":"Shading Mode"},"sceneLighting":true,"audioPlay":false,"sceneViewState":{"showFog":true,"showMaterialUpdate":true,"showSkybox":true,"showFlares":true,"showImageEffects":true,"showParticleSystems":true},"in2DMode":false,"pivot":{"x":398.5391540527344,"y":253.9842987060547,"z":-48.82088088989258},"rotation":{"x":-0.05721871927380562,"y":0.045506495982408527,"z":-0.002610620576888323,"w":-0.997321367263794},"size":224.48374938964845,"orthographic":false}